equipment_type,category,brick_or_bedes_class,typical_efficiency_metric,typical_useful_life_years,useful_life_source,visual_identifiers,nameplate_fields_to_look_for,common_na_manufacturers,energy_significance
"Packaged rooftop unit, DX cooling with gas heat (RTU)",HVAC cooling,Brick: Rooftop_Unit,EER + IEER (>=65 kBtu/h); SEER2 + EER2 (<65 kBtu/h); gas section Et or AFUE,15,ASHRAE HVAC Applications Ch. 38 Table 4 (see datasets_research/ashrae_equipment/fetch_ashrae.py),Roof on a curb; grey or tan rectangular cabinet; condenser fan grilles on top or one end; gas pipe and small flue; hail guard over coil,manufacturer; model no.; serial no. (decodes to manufacture date for most brands); mfg date if printed; volts/phase/Hz; cooling capacity (tons or Btu/h); refrigerant type and charge; RLA/MCA/MOCP; gas input Btu/h; EER/IEER if printed,Carrier; Trane; Lennox; York (JCI); Daikin; Aaon; Rheem,high
Packaged rooftop heat pump (RTU-HP),HVAC cooling,Brick: Rooftop_Unit / Packaged_Air_Source_Heat_Pump,EER + IEER and heating COP (>=65 kBtu/h); SEER2 + HSPF2 (<65 kBtu/h),15,ASHRAE HVAC Applications Ch. 38 Table 4 (see datasets_research/ashrae_equipment/fetch_ashrae.py),Same cabinet as RTU but no gas pipe or flue; model number usually contains HP; may show electric heat kW label,manufacturer; model no.; serial no. (decodes to manufacture date for most brands); mfg date if printed; volts/phase/Hz; cooling and heating capacity; electric heat kW; refrigerant; MCA/MOCP,Carrier; Trane; Lennox; York; Daikin; Aaon,high
"Packaged VAV rooftop unit (PVAV, 20-100 ton)",HVAC cooling,Brick: Rooftop_Unit; ComStock: PVAV,EER + IEER; supply fan W/cfm,15,ASHRAE HVAC Applications Ch. 38 Table 4 (see datasets_research/ashrae_equipment/fetch_ashrae.py),Large RTU with long cabinet; VFD box on supply fan section; large supply and return duct drops into roof; serves VAV boxes,manufacturer; model no.; serial no. (decodes to manufacture date for most brands); mfg date if printed; volts/phase/Hz; tons; supply cfm; fan hp; refrigerant; EER/IEER,Carrier; Trane; Daikin; York; Aaon,high
Air-cooled condensing unit (split system),HVAC cooling,Brick: Cooling_Only_Air_Source_Condensing_Unit,SEER2 + EER2 (<65 kBtu/h); EER + IEER (larger),15,ASHRAE HVAC Applications Ch. 38 Table 4 (see datasets_research/ashrae_equipment/fetch_ashrae.py),Roof or grade; cube or slab box with top-discharge fan and wrap-around coil; insulated refrigerant line set to an indoor unit; often serves IT rooms or tenant supplemental,manufacturer; model no.; serial no. (decodes to manufacture date for most brands); mfg date if printed; volts/phase/Hz; tons; refrigerant type; RLA; MCA/MOCP,Carrier; Trane; Lennox; Daikin/Goodman; Mitsubishi; York,med
Ductless mini-split indoor unit (wall or cassette),HVAC cooling,Brick: Wall_Fan_Coil_Unit / Cassette_Fan_Coil_Unit,SEER2 + HSPF2 (system rated with outdoor unit),15,ASHRAE HVAC Applications Ch. 38 Table 4 (see datasets_research/ashrae_equipment/fetch_ashrae.py),White wall unit high on wall or 4-way ceiling cassette; usually in IDF/server rooms or conference rooms; condensate line,manufacturer; model no.; serial no. (decodes to manufacture date for most brands); mfg date if printed; volts/phase/Hz; capacity Btu/h; paired outdoor model,Mitsubishi; Daikin; LG; Fujitsu; Samsung,low
VRF outdoor unit,HVAC cooling,Brick: Heat_Pump_Air_Source_Condensing_Unit / Heat_Recovery_Air_Source_Condensing_Unit,EER + IEER cooling; COP heating; SCHE for heat recovery,15,ASHRAE HVAC Applications Ch. 38 Table 4 (see datasets_research/ashrae_equipment/fetch_ashrae.py),Roof; tall slim modular cabinets ganged in a row on a rack; vertical discharge fans on top; refrigerant piping headers and branch selector boxes inside,manufacturer; model no.; serial no. (decodes to manufacture date for most brands); mfg date if printed; volts/phase/Hz; nominal tons or kW; refrigerant (R-410A or R-32/R-454B); number of modules; heat pump vs heat recovery,Mitsubishi Electric; Daikin; LG; Samsung; Carrier (Toshiba); Trane,high
VRF indoor unit (ceiling cassette or ducted),HVAC cooling,Brick: Cassette_Fan_Coil_Unit / Duct_Fan_Coil_Unit,n/a (system rated),15,ASHRAE HVAC Applications Ch. 38 Table 4 (see datasets_research/ashrae_equipment/fetch_ashrae.py),4-way cassette in ceiling grid or concealed ducted unit above ceiling with two refrigerant lines and a condensate pump,manufacturer; model no.; serial no. (decodes to manufacture date for most brands); mfg date if printed; volts/phase/Hz; capacity Btu/h; refrigerant,Mitsubishi Electric; Daikin; LG; Samsung,med
Water-cooled chiller (centrifugal or screw),HVAC cooling,Brick: Water_Cooled_Chiller / Centrifugal_Chiller,kW/ton full load + IPLV.IP or NPLV (90.1 Table 6.8.1-3); COP,23,"ASHRAE HVAC Applications Ch. 38 Table 4 (see datasets_research/ashrae_equipment/fetch_ashrae.py) (centrifugal 23, screw 20)",Basement or mech room; two large horizontal insulated cylinders (evaporator and condenser) with compressor on top; chilled and condenser water pipes; control panel with display,"manufacturer; model no.; serial no. (decodes to manufacture date for most brands); mfg date if printed; volts/phase/Hz; tons; refrigerant (R-134a, R-1233zd, R-513A, R-123 on old units); design kW/ton or COP; compressor type; design entering/leaving water temps",Trane; Carrier; York (JCI); Daikin; Smardt,high
Air-cooled chiller (scroll or screw),HVAC cooling,Brick: Air_Cooled_Chiller,EER + IPLV.IP (90.1 Table 6.8.1-3),20,ASHRAE HVAC Applications Ch. 38 Table 4 (see datasets_research/ashrae_equipment/fetch_ashrae.py),Roof; long rectangular unit with a row of condenser fans along the top and V-shaped coils on the sides; insulated chilled water pipes; no cooling tower,manufacturer; model no.; serial no. (decodes to manufacture date for most brands); mfg date if printed; volts/phase/Hz; tons; refrigerant; EER/IPLV; compressor count,Trane; Carrier; York; Daikin; Aaon; Multistack,high
Cooling tower (open circuit),HVAC cooling,Brick: Cooling_Tower,gpm per fan hp (90.1 Table 6.8.1-7); fan motor hp and VFD present,20,"ASHRAE HVAC Applications Ch. 38 Table 4 (see datasets_research/ashrae_equipment/fetch_ashrae.py) (galvanized 20, fiberglass 28)","Roof; large box with louvered sides, fill visible through louvers, fan on top, water basin, visible vapor plume; condenser water pipes to chiller",manufacturer; model no.; serial no. (decodes to manufacture date for most brands); mfg date if printed; volts/phase/Hz; nominal tons; gpm; fan hp; cell count,BAC; EVAPCO; Marley (SPX); Tower Tech,med
Closed-circuit fluid cooler or dry cooler,HVAC cooling,Brick: Dry_Cooler / Cooling_Tower,gpm per fan hp,20,ASHRAE HVAC Applications Ch. 38 Table 4 (see datasets_research/ashrae_equipment/fetch_ashrae.py),"Roof; looks like a cooling tower but with a coil bundle and spray, or a finned coil with fans and no water; serves a water-source heat pump loop",manufacturer; model no.; serial no. (decodes to manufacture date for most brands); mfg date if printed; volts/phase/Hz; capacity MBH or tons; fan hp,BAC; EVAPCO; Guntner,med
Water-source heat pump (zone unit),HVAC cooling,Brick: Packaged_Water_Source_Heat_Pump; Asset Score: WLHP,EER cooling + COP heating (ISO 13256-1),19,ASHRAE HVAC Applications Ch. 38 Table 4 (see datasets_research/ashrae_equipment/fetch_ashrae.py),Above ceiling or in a closet; horizontal box with two flexible hoses to condenser water loop; short duct run; sound attenuator; many identical units per floor,manufacturer; model no.; serial no. (decodes to manufacture date for most brands); mfg date if printed; volts/phase/Hz; tons; EER/COP; water flow gpm; refrigerant,ClimateMaster; Trane; Daikin; Carrier; WaterFurnace; Bosch (FHP),high
Computer room air conditioner (CRAC/CRAH),HVAC cooling,Brick: Computer_Room_Air_Conditioning,SCOP or kW/ton; net sensible capacity,15,ASHRAE HVAC Applications Ch. 38 Table 4 (see datasets_research/ashrae_equipment/fetch_ashrae.py),Server room; tall floor-standing cabinet with front display panel; discharges up through duct or down into raised floor,manufacturer; model no.; serial no. (decodes to manufacture date for most brands); mfg date if printed; volts/phase/Hz; sensible capacity; refrigerant or chilled water; fan kW,Vertiv (Liebert); Stulz; Schneider (APC); Data Aire,med
PTAC / PTHP / through-wall AC,HVAC cooling,Brick: Wall_Air_Conditioner / Packaged_Heat_Pump; Asset Score: PTAC/PTHP,EER + COP (PTAC/PTHP); CEER (room AC),10,"ASHRAE HVAC Applications Ch. 38 Table 4 (see datasets_research/ashrae_equipment/fetch_ashrae.py) (window unit 10, PTAC 15)",Under a window in a wall sleeve with exterior louver; front grille and controls on the unit,manufacturer; model no.; serial no. (decodes to manufacture date for most brands); mfg date if printed; volts/phase/Hz; Btu/h; EER; electric heat kW,Amana; GE Zoneline; LG; Friedrich,low
"Hot water boiler, gas, non-condensing",HVAC heating,Brick: Noncondensing_Natural_Gas_Boiler; BEDES: Heating Plant Type = Boiler,"Thermal efficiency Et (<=2,500 kBtu/h) or combustion efficiency Ec (>2,500 kBtu/h); AFUE below 300 kBtu/h",24,"ASHRAE HVAC Applications Ch. 38 Table 4 (see datasets_research/ashrae_equipment/fetch_ashrae.py) (steel 24, cast iron 35)",Basement mech room; cast-iron sectional block or steel firetube shell; metal flue to chimney; gas train with burner at front; supply/return pipes 140-180F,manufacturer; model no.; serial no. (decodes to manufacture date for most brands); mfg date if printed; volts/phase/Hz; input MBH; output MBH; Et or Ec; max working pressure; boiler type (hot water vs steam),Weil-McLain; Burnham; Cleaver-Brooks; Bryan; Raypak; Lochinvar,high
"Hot water boiler, gas, condensing",HVAC heating,Brick: Condensing_Natural_Gas_Boiler,Thermal efficiency Et (typically 90-97%),20,"Industry / FEMP convention, not a published table; ASHRAE lists steel hot water boiler at 24, condensing units are usually assumed 15-20",Wall-hung or floor cabinet; white or grey PVC/CPVC/polypropylene flue and intake pipes; condensate trap and drain at base; stainless heat exchanger; digital display,manufacturer; model no.; serial no. (decodes to manufacture date for most brands); mfg date if printed; volts/phase/Hz; input MBH; Et; turndown ratio; max pressure,Lochinvar; Aerco; Viessmann; Cleaver-Brooks; Patterson-Kelley; Fulton; Bosch,high
Steam boiler,HVAC heating,"Brick: Boiler (steam); BEDES: Boiler, steam",Et or Ec,25,"ASHRAE HVAC Applications Ch. 38 Table 4 (see datasets_research/ashrae_equipment/fetch_ashrae.py) (steel 25, cast iron 35)",Basement; sight glass water-level gauge; steam pressure gauge; low-water cutoff; condensate receiver and pump nearby; steam traps on radiators upstairs,manufacturer; model no.; serial no. (decodes to manufacture date for most brands); mfg date if printed; volts/phase/Hz; input MBH; steam lb/h; pressure rating psi,Cleaver-Brooks; Weil-McLain; Burnham; Fulton,high
Electric boiler,HVAC heating,Brick: Electric_Boiler,n/a (100% site efficiency); kW input,15,ASHRAE HVAC Applications Ch. 38 Table 4 (see datasets_research/ashrae_equipment/fetch_ashrae.py),"Small cabinet, no flue, no gas pipe; large conduit feed; contactors inside",manufacturer; model no.; serial no. (decodes to manufacture date for most brands); mfg date if printed; volts/phase/Hz; kW; amps; stages,Lochinvar; Precision Boilers; Chromalox; Argo,med
Gas furnace (standalone or furnace section),HVAC heating,BuildingSync: HeatingSource Furnace (no Brick class),AFUE (<225 kBtu/h) or Et,18,ASHRAE HVAC Applications Ch. 38 Table 4 (see datasets_research/ashrae_equipment/fetch_ashrae.py),"Closet or mech room upright cabinet with gas valve, burner window, flue; or the gas section of an RTU",manufacturer; model no.; serial no. (decodes to manufacture date for most brands); mfg date if printed; volts/phase/Hz; input/output Btu/h; AFUE,Carrier; Trane; Lennox; Rheem; Goodman,med
"Unit heater, gas or electric",HVAC heating,Brick: Unit_Heater,Et (gas); kW (electric),13,ASHRAE HVAC Applications Ch. 38 Table 4 (see datasets_research/ashrae_equipment/fetch_ashrae.py),"Suspended from ceiling in garage, loading dock or mech room; propeller fan behind a heat exchanger; small flue if gas",manufacturer; model no.; serial no. (decodes to manufacture date for most brands); mfg date if printed; volts/phase/Hz; input Btu/h or kW,Reznor; Modine; Sterling; Marley,low
Electric baseboard or resistance heater,HVAC heating,Brick: Electric_Baseboard_Radiator,n/a; kW,13,ASHRAE HVAC Applications Ch. 38 Table 4 (see datasets_research/ashrae_equipment/fetch_ashrae.py) (electric unit heater),Perimeter under windows; low metal enclosure; no pipes; local thermostat or wall stat,manufacturer; model no.; serial no. (decodes to manufacture date for most brands); mfg date if printed; volts/phase/Hz; watts; volts,Cadet; Marley (Qmark); King Electric,low
Hot water radiator or fin-tube baseboard,HVAC heating,Brick: Hot_Water_Baseboard_Radiator / Hot_Water_Radiator,n/a (hydronic terminal),25,ASHRAE HVAC Applications Ch. 38 Table 4 (see datasets_research/ashrae_equipment/fetch_ashrae.py),Perimeter enclosure with damper slot; supply/return pipe penetrations; cast iron radiators in pre-1960 buildings,Manufacturer stamp if any; length ft; element type,Slant/Fin; Sterling; Runtal,low
Air-to-water heat pump (heating plant),HVAC heating,"Brick: Heat_Pump_Air_Source_Condensing_Unit (no exact class); BEDES: Heat pump, air-to-water",COP heating at rated point; IPLV cooling if reversible,15,ASHRAE HVAC Applications Ch. 38 Table 4 (see datasets_research/ashrae_equipment/fetch_ashrae.py) (commercial air-to-air HP),"Roof; looks like an air-cooled chiller (fans on top, V-coils) but with insulated hot water pipes and a reversing cycle; newer install",manufacturer; model no.; serial no. (decodes to manufacture date for most brands); mfg date if printed; volts/phase/Hz; heating capacity MBH/kW; COP; leaving water temp max; refrigerant,Trane; Carrier; Daikin; Aermec; Mitsubishi (Climaveneta); Lync (Watts),high
Heat recovery chiller / water-to-water heat pump,HVAC heating,Brick: Chiller (heat recovery); Haystack: heatPump,Combined heating+cooling COP; kW/ton,20,ASHRAE HVAC Applications Ch. 38 Table 4 (see datasets_research/ashrae_equipment/fetch_ashrae.py) (screw chiller),Mech room; screw or scroll chiller with both insulated chilled and hot water pipes; often modular stack,manufacturer; model no.; serial no. (decodes to manufacture date for most brands); mfg date if printed; volts/phase/Hz; tons and MBH; COP; refrigerant,Trane; Multistack; Carrier; Daikin; Aermec,high
Central air handling unit (built-up or modular),air distribution,Brick: Air_Handling_Unit; BEDES: CentralAirDistribution,Fan power W/cfm; FEI (90.1-2019+); motor nominal efficiency; economizer present,15,ASHRAE HVAC Applications Ch. 38 Table 4 (see datasets_research/ashrae_equipment/fetch_ashrae.py) (built-up units often 25-30),"Mech room or roof; large rectangular sheet-metal box with hinged access doors; filter section, coil section, supply fan; mixing box with outdoor air damper; chilled/hot water pipes to coils",manufacturer; model no.; serial no. (decodes to manufacture date for most brands); mfg date if printed; volts/phase/Hz; supply cfm; fan hp; static pressure; coil MBH; unit tag (AHU-1) on the door,Trane; Carrier; Daikin; York; Aaon; Nortek (Temtrol); Haakon; Huntair,high
Dedicated outdoor air system (DOAS) unit,air distribution,Brick: Dedicated_Outdoor_Air_System_Unit,Fan W/cfm; ERV effectiveness %; EER/IEER if DX,15,ASHRAE HVAC Applications Ch. 38 Table 4 (see datasets_research/ashrae_equipment/fetch_ashrae.py),Roof; RTU-like cabinet with 100% outdoor air intake hood and exhaust hood; energy wheel visible through access door; smaller supply duct than an RTU,manufacturer; model no.; serial no. (decodes to manufacture date for most brands); mfg date if printed; volts/phase/Hz; outdoor air cfm; wheel effectiveness; tons,Aaon; Greenheck; Valent; RenewAire; Daikin,med
Makeup air unit (gas fired),air distribution,Brick: Makeup_Air_Unit,Et (direct or indirect gas),15,ASHRAE HVAC Applications Ch. 38 Table 4 (see datasets_research/ashrae_equipment/fetch_ashrae.py),Roof; long cabinet with intake hood and gas burner section; serves kitchen or garage,manufacturer; model no.; serial no. (decodes to manufacture date for most brands); mfg date if printed; volts/phase/Hz; cfm; gas input Btu/h,Greenheck; CaptiveAire; Reznor; Modine,low
VAV terminal box (with hot water or electric reheat),air distribution,Brick: Variable_Air_Volume_Box_With_Reheat,n/a; reheat coil MBH or electric kW; min airflow setpoint,20,"ASHRAE HVAC Applications Ch. 38 Table 4 (see datasets_research/ashrae_equipment/fetch_ashrae.py) (dampers) and Industry / FEMP convention, not a published table",Above ceiling near tenant space; rectangular sheet-metal box on a round inlet duct; damper actuator and small DDC controller in a plastic enclosure; hot water coil piping or electric heater junction box,Manufacturer; model/size (inlet in.); cfm max/min; reheat MBH or kW; box tag (VAV-3-12),Titus; Price; Nailor; Krueger; Trane; Carrier,high
Fan-powered VAV box (series or parallel),air distribution,Brick: Variable_Air_Volume_Box; ComStock: PVAV with PFP boxes,Fan motor type (ECM vs PSC) and watts,20,"Industry / FEMP convention, not a published table",Larger VAV box with a small fan and filter grille; return air opening; reheat coil,Manufacturer; model; fan hp or watts; motor type; cfm; reheat kW,Titus; Price; Nailor; Krueger,med
Fan coil unit (2-pipe or 4-pipe),air distribution,Brick: Fan_Coil_Unit; Asset Score: Four Pipe Fan Coil Unit,Fan motor type (ECM vs PSC); coil MBH,20,ASHRAE HVAC Applications Ch. 38 Table 4 (see datasets_research/ashrae_equipment/fetch_ashrae.py),Above ceiling (horizontal) or under window (vertical cabinet); two or four hydronic pipes with control valves; drain pan,manufacturer; model no.; serial no. (decodes to manufacture date for most brands); mfg date if printed; volts/phase/Hz; cfm; MBH cooling/heating; motor watts,Trane; Carrier; Daikin; IEC; Williams; Enviro-Tec,med
Energy recovery ventilator (standalone ERV/HRV),air distribution,Brick: Heat_Wheel / Heat_Exchanger; ComStock: ERV,Sensible and total effectiveness %,20,ASHRAE HVAC Applications Ch. 38 Table 4 (see datasets_research/ashrae_equipment/fetch_ashrae.py),Roof or mech room; box with two duct connections on each side; enthalpy wheel or plate core visible through door,manufacturer; model no.; serial no. (decodes to manufacture date for most brands); mfg date if printed; volts/phase/Hz; cfm; effectiveness %,RenewAire; Greenheck; Aaon; Swegon,med
"Exhaust fan (roof upblast, inline or cabinet)",air distribution,Brick: Exhaust_Fan,FEI (90.1-2019+); motor hp; control (schedule vs constant),20,"ASHRAE HVAC Applications Ch. 38 Table 4 (see datasets_research/ashrae_equipment/fetch_ashrae.py) (roof-mounted 20, propeller 15)","Roof mushroom dome or square upblast curb fan (restrooms, kitchen); inline boxed fan in a ceiling plenum; belt or direct drive",manufacturer; model no.; serial no. (decodes to manufacture date for most brands); mfg date if printed; volts/phase/Hz; cfm; hp or watts; RPM,Greenheck; Loren Cook; PennBarry; Twin City; Fantech,low
Parking garage exhaust/supply fan with CO control,air distribution,Brick: Exhaust_Fan / Supply_Fan,FEI; motor hp; VFD and CO sensor present,20,"ASHRAE HVAC Applications Ch. 38 Table 4 (see datasets_research/ashrae_equipment/fetch_ashrae.py) (axial 20, centrifugal 25)",Garage ceiling or shaft; large axial or centrifugal fan; CO/NO2 sensors on columns; VFD cabinet nearby,manufacturer; model no.; serial no. (decodes to manufacture date for most brands); mfg date if printed; volts/phase/Hz; cfm; hp; RPM,Greenheck; Loren Cook; Twin City,med
Hydronic pump (base-mounted or vertical inline),air distribution,Brick: Chilled_Water_Pump / Hot_Water_Pump / Condenser_Water_Pump,Pump energy index PEI (DOE 2020); motor hp and nominal efficiency; VFD present,20,"ASHRAE HVAC Applications Ch. 38 Table 4 (see datasets_research/ashrae_equipment/fetch_ashrae.py) (base-mounted 20, pipe-mounted 10)","Mech room; pump on inertia base with motor, coupling guard and flexible connectors; or vertical inline pump hanging in the pipe; painted red, green or blue by loop",Pump nameplate: model; gpm; head ft; impeller dia; RPM. Motor nameplate: hp; RPM; FLA; nominal efficiency; frame,Bell & Gossett (Xylem); Armstrong; Taco; Grundfos,med
Variable frequency drive,air distribution,Brick: Variable_Frequency_Drive (Pump_VFD / Fan_VFD),n/a (drive ~97% efficient); presence indicates variable-flow control,15,"Industry / FEMP convention, not a published table","Wall-mounted grey box with keypad and display near a pump, fan or AHU; conduit in and out; brand on the cover",Manufacturer; model; hp/kW rating; input volts; output amps; served equipment tag,ABB; Danfoss; Yaskawa; Schneider; Eaton; Siemens,med
"Electric motor (NEMA, on fans and pumps)",air distribution,Brick: Motor,Nominal efficiency % (NEMA Premium / IE3); hp,20,"Industry / FEMP convention, not a published table",Cylindrical finned motor bolted to fan or pump; nameplate riveted to housing,hp; RPM; volts; FLA; service factor; NEMA nominal efficiency; frame size; enclosure (ODP/TEFC),Baldor (ABB); WEG; Siemens; Marathon; US Motors (Nidec),med
Gas storage water heater (commercial),water heating,"Brick: Water_Heater; BEDES: Domestic Hot Water Type = Storage, gas","Thermal efficiency % + standby loss (>=75.5 kBtu/h, 90.1 Table 7.8); UEF (<75 kBtu/h)",10,ASHRAE HVAC Applications Ch. 38 Table 4 (see datasets_research/ashrae_equipment/fetch_ashrae.py),Mech room or closet; upright cylindrical tank; metal draft-hood flue on top; gas valve and burner at base; T&P relief valve,manufacturer; model no.; serial no. (decodes to manufacture date for most brands); mfg date if printed; volts/phase/Hz; gallons; input Btu/h; recovery gph; thermal efficiency or UEF; ANSI Z21.10.3 stamp,AO Smith; Bradford White; Rheem; State; Lochinvar,med
Gas condensing or tankless water heater,water heating,"Brick: Water_Heater; BEDES: Instantaneous, gas",Thermal efficiency % (95%+) or UEF,15,ASHRAE HVAC Applications Ch. 38 Table 4 (see datasets_research/ashrae_equipment/fetch_ashrae.py) (tankless gas 20; condensing tank units assumed 15),Wall-hung rectangular boxes (often several in a rack) with PVC intake and exhaust; or floor tank with PVC flue and condensate drain,manufacturer; model no.; serial no. (decodes to manufacture date for most brands); mfg date if printed; volts/phase/Hz; input Btu/h; gallons if tank; Et or UEF; max flow gpm,AO Smith; Lochinvar; Rinnai; Navien; Noritz; PVI,med
Electric resistance storage water heater,water heating,"Brick: Water_Heater; BEDES: Storage, electric",UEF (<12 kW) or standby loss % per hour (>12 kW),12,ASHRAE HVAC Applications Ch. 38 Table 4 (see datasets_research/ashrae_equipment/fetch_ashrae.py),Under-sink or closet tank; no flue; element access covers on the side; conduit feed,manufacturer; model no.; serial no. (decodes to manufacture date for most brands); mfg date if printed; volts/phase/Hz; gallons; kW; UEF,AO Smith; Rheem; Bradford White; State,low
Heat pump water heater,water heating,"Brick: Water_Heater (heat pump); BEDES: Heat pump, air-source",UEF or COP,10,ASHRAE HVAC Applications Ch. 38 Table 4 (see datasets_research/ashrae_equipment/fetch_ashrae.py) (residential-style); commercial CO2 units assumed 15,Tank with compressor and fan module on top and an air filter; or split system with an outdoor CO2 unit and separate storage tanks; condensate line,"manufacturer; model no.; serial no. (decodes to manufacture date for most brands); mfg date if printed; volts/phase/Hz; gallons; UEF or COP; refrigerant (R-134a, R-744 CO2); first-hour rating",AO Smith; Rheem; Bradford White; Sanden (Eco2); Mitsubishi (QAHV); Lync (Watts); Nyle; Colmac,med
Domestic hot water recirculation pump,water heating,Brick: Domestic_Hot_Water_Circulator_Pump,Watts; ECM vs PSC; timer or aquastat control,10,ASHRAE HVAC Applications Ch. 38 Table 4 (see datasets_research/ashrae_equipment/fetch_ashrae.py) (pipe-mounted pump),Small bronze or stainless inline pump on the hot water return line near the heater; sometimes on a timer,Manufacturer; model; watts; gpm,Taco; Grundfos; Bell & Gossett; Armstrong,low
"Interior LED luminaire (troffer, panel, linear)",lighting,Brick: Luminaire; BEDES: Lamp Type = LED,Efficacy lm/W; input watts; DLC listing,15,"DOE SSL L70 50,000-100,000 h at ~4,000 h/yr; Industry / FEMP convention, not a published table",Ceiling 2x2 or 2x4 flat panel or edge-lit troffer with no visible tubes; continuous linear pendants; even light with no lamp shadows; driver label on the back,Fixture label: model; input watts; lumens; CCT; driver type; DLC/UL mark,Lithonia (Acuity); Cooper (Signify); Cree; Philips; Columbia; Lutron (controls),high
"Interior fluorescent luminaire, T8/T5 (legacy)",lighting,Brick: Luminaire; BEDES: Lamp Type = Linear Fluorescent,Lamp watts x count x ballast factor; T12 magnetic ballast = worst case,15,"ASHRAE HVAC Applications Ch. 38 Table 4 (see datasets_research/ashrae_equipment/fetch_ashrae.py) has no lighting row; fixture 15-20, lamps 2-3 (Industry / FEMP convention, not a published table)",Ceiling troffer with prismatic lens or parabolic louver and visible tubes; tube etched with F32T8 or F54T5HO; ballast label inside fixture,Lamp etch (F32T8/F54T5/F40T12); ballast label: model; ballast factor; input watts; electronic vs magnetic,Lithonia; Cooper; Philips (Signify); GE Lighting (lamps); Osram Sylvania (lamps),high
Exterior and garage luminaire (LED or HID),lighting,Brick: Luminaire,"Watts and lm/W; HID (metal halide, HPS) = retrofit candidate",15,"LED 15, HID 10-12 (Industry / FEMP convention, not a published table)","Pole heads, wall packs, canopy/garage fixtures; HID shows a bulb and ballast box and warm-up delay; LED is flat with heat-sink fins",Fixture label: model; watts; lamp type; volts,Lithonia; Cooper; RAB; Cree; Hubbell,med
"Lighting controls (occupancy/daylight sensors, relay panel)",lighting,Brick: Occupancy_Sensor_Equipment / Daylight_Sensor_Equipment / Lighting Interface,n/a; presence indicates Title 24 compliance level,12,"Industry / FEMP convention, not a published table",White dome sensors on ceiling; wall-switch sensors; relay or dimming panel in electrical room with a brand name,"Manufacturer; model; system (nLight, Quantum, DLM); panel schedule",Lutron; Acuity (nLight); Legrand (Wattstopper); Leviton; Douglas,med
Server / IT room (racks),plug and process,Brick: ICT_Rack / Server; BEDES: Critical IT System,Rack kW; room PUE if metered,5,"Industry / FEMP convention, not a published table (IT refresh cycle)","Closet or room with 19-inch racks, cable trays, dedicated cooling unit, often a UPS underneath",Rack PDU amps; UPS load %; count of racks,"Dell; HPE; Cisco; APC (racks, PDUs)",med
Uninterruptible power supply (UPS),plug and process,"BuildingSync: Critical IT System, UPS (no Brick class; Brick Energy_Storage is closest)",Efficiency % at load; eco mode,12,"Industry / FEMP convention, not a published table (batteries 3-5)",Tower or rack-mount cabinet with display beside IT racks; battery cabinet,manufacturer; model no.; serial no. (decodes to manufacture date for most brands); mfg date if printed; volts/phase/Hz; kVA/kW; topology (double conversion vs line interactive),APC (Schneider); Eaton; Vertiv,low
Break-room and kitchen refrigeration,plug and process,BuildingSync: Refrigeration System (no Brick class),ENERGY STAR kWh/day; age,12,"ASHRAE HVAC Applications Ch. 38 Table 4 (see datasets_research/ashrae_equipment/fetch_ashrae.py) (reach-in 10, walk-in 15)","Reach-in coolers, ice machines, walk-in box with condensing unit on roof or top",manufacturer; model no.; serial no. (decodes to manufacture date for most brands); mfg date if printed; volts/phase/Hz; cu ft; refrigerant; amps,True; Hoshizaki; Manitowoc; Traulsen; Turbo Air,low
EV charging station,plug and process,Brick: Electric_Vehicle_Charging_Station,kW per port; Level 2 vs DC fast; networked load management,10,"Industry / FEMP convention, not a published table",Garage pedestal or wall box with coiled cable and connector; brand on face; dedicated panel nearby,Manufacturer; model; kW or amps; ports; network,ChargePoint; Blink; EVgo; Tesla; ABB; Enel X,med
Traction elevator (machine room or machine-room-less),vertical transport,Brick: Elevator; BuildingSync: Conveyance System = Elevator,Motor kW; regenerative drive Y/N; standby mode,25,"Florida Housing Estimated Useful Life tables, rev 2024 lists 50 for the shell; controls and drive modernized at ~25 (Industry / FEMP convention, not a published table)","Machine room on top floor or roof: hoist motor with sheave and ropes, controller cabinet, governor; MRL has machine in the hoistway and a controller closet at top landing; capacity plate inside the cab","Controller nameplate: manufacturer; model; year; drive type (VVVF, DC gearless). Cab plate: capacity lb; speed fpm; state permit number and date",Otis; Schindler; KONE; TK Elevator; Mitsubishi Electric,med
Hydraulic elevator,vertical transport,Brick: Elevator,Motor hp; soft-start,25,"Florida Housing Estimated Useful Life tables, rev 2024 (hydraulic 25; industry 20-25)","Machine room at the lowest level: oil reservoir tank with submersed pump unit, controller cabinet, no ropes or sheave; typically buildings under 6 stories",Controller nameplate: manufacturer; model; year. Power unit: hp; volts. Cab plate: capacity; speed,Otis; Schindler; KONE; TK Elevator,low
Main switchgear / switchboard,electrical,Brick: Switchgear,"n/a; record service size (amps, volts) as the capacity ceiling for electrification",30,"Florida Housing Estimated Useful Life tables, rev 2024 lists 50; IEEE practice 30",Main electrical room; tall grey lineup of sections with a main breaker and feeder breakers; utility meter and CT cabinet adjacent; arc-flash label,Manufacturer; type; amps; volts (480Y/277 or 208Y/120); short-circuit rating; date on label,Square D (Schneider); Eaton; Siemens; ABB (GE),n/a
Distribution / lighting panelboard,electrical,Brick: Breaker_Panel,n/a; panel schedule reveals connected loads,30,"Florida Housing Estimated Useful Life tables, rev 2024","Electrical closet on each floor; wall cabinet with a door, breakers inside, typed circuit schedule on the door",Manufacturer; type; amps; volts; circuit schedule (photograph it),Square D; Eaton; Siemens; GE,low
Dry-type transformer,electrical,Brick: Transformer,DOE 10 CFR 431 efficiency % at 35% load (2016 rule); kVA,30,"Florida Housing Estimated Useful Life tables, rev 2024","Electrical room or closet; grey ventilated steel box, hums, warm; conduit in (480V) and out (208Y/120V); kVA on the nameplate",kVA; primary/secondary volts; temperature rise (80/115/150C); efficiency % if printed; year,Square D; Eaton; Siemens; Hammond; Acme (Hubbell),low
Utility electric meter / submeter,electrical,Brick: Electrical_Meter / Meter,n/a; ties photos to utility accounts and interval data,15,"Industry / FEMP convention, not a published table",Main electrical room or exterior; glass-dome or digital smart meter with a PG&E meter number; CT cabinet; submeters in a panel with a small display,Meter number; utility account label; CT ratio; kWh reading,"Utility-owned (Landis+Gyr, Itron); submeters: Schneider PowerLogic, Eaton, Leviton, eGauge",n/a
Gas meter and regulator,electrical,Brick: Gas_Meter / Meter,n/a; ties photos to gas account; absence means all-electric,20,"Industry / FEMP convention, not a published table",Exterior at grade where the gas service enters; grey diaphragm meter with a regulator and vent; PG&E tag; seismic shutoff valve nearby,Meter number; utility tag; cfh capacity,"Utility-owned (Itron, Honeywell Elster, Dresser Roots)",n/a
Rooftop PV array and inverter,electrical,Brick: PV_Panel / Photovoltaic_Inverter,kW DC and AC; inverter CEC efficiency %; module efficiency %,25,"NREL module life 25-30; inverter 10-15 (Industry / FEMP convention, not a published table)",Roof racking with modules; string or micro-inverters; inverter and PV disconnect wall-mounted near main switchgear with a placard,Inverter: manufacturer; model; kW AC; CEC efficiency. Module: manufacturer; watts; count. Placard: system size kW,"Inverters: SolarEdge, Enphase, SMA, Fronius. Modules: Qcells, REC, Canadian Solar",med
Emergency generator (diesel or gas),electrical,BuildingSync: Onsite Generation System (no Brick class),kW rating; fuel; runtime hours on the meter,25,"Florida Housing Estimated Useful Life tables, rev 2024","Roof, garage or exterior enclosure; engine with radiator in a weatherproof box; day tank; exhaust stack; automatic transfer switch in the electrical room",manufacturer; model no.; serial no. (decodes to manufacture date for most brands); mfg date if printed; volts/phase/Hz; kW/kVA; fuel; hour meter reading; ATS rating,Generac; Cummins; Kohler; Caterpillar; MTU,low
BAS supervisory controller / server,controls,Brick: Controller / BACnet_Controller; Haystack: bms; ASHRAE: Building Automation System,"n/a; record vendor, protocol (BACnet/IP, LonWorks, proprietary) and software version",15,ASHRAE HVAC Applications Ch. 38 Table 4 (see datasets_research/ashrae_equipment/fetch_ashrae.py),"Mech room, electrical room or IT closet; small enclosure with a JACE or vendor controller, network switch, blinking LEDs; a PC or wall screen running the front end","Vendor and product line; controller model (JACE-8000, etc.); network protocol; front-end software version and year",Johnson Controls (Metasys); Siemens (Desigo); Honeywell; Schneider (EcoStruxure); Trane (Tracer); Tridium (Niagara); Automated Logic; Distech; Delta,high
"Field DDC controller (AHU, VAV, plant)",controls,Brick: BACnet_Controller,n/a; presence per unit indicates DDC vs pneumatic,15,ASHRAE HVAC Applications Ch. 38 Table 4 (see datasets_research/ashrae_equipment/fetch_ashrae.py) (electronic DDC),"Small enclosure on the side of an AHU, VAV box or in a panel; terminal strips and a circuit board; vendor label",Manufacturer; model; protocol; served unit tag,Johnson Controls; Siemens; Honeywell; Schneider; Trane; Distech; Delta; KMC,med
"Thermostat (pneumatic, programmable or smart)",controls,Brick: Thermostat,n/a; pneumatic = legacy controls flag,20,"ASHRAE HVAC Applications Ch. 38 Table 4 (see datasets_research/ashrae_equipment/fetch_ashrae.py) (pneumatic 20, electronic 15)",Wall in tenant space; pneumatic has a round dial and small plastic tube inside the wall; smart stat has a screen and WiFi,Manufacturer; model; type,Honeywell; Johnson Controls; Siemens; Ecobee; Pelican; 75F,low
Pneumatic control air compressor,controls,Brick: Compressor (pneumatic controls per ASHRAE),n/a; presence means pneumatic controls remain somewhere,20,ASHRAE HVAC Applications Ch. 38 Table 4 (see datasets_research/ashrae_equipment/fetch_ashrae.py),Mech room; small tank-mounted compressor with a refrigerated air dryer and copper or poly tubing running to the ceiling,manufacturer; model no.; serial no. (decodes to manufacture date for most brands); mfg date if printed; volts/phase/Hz; hp; tank gallons,Quincy; Ingersoll Rand; Curtis,low
Windows / curtain wall glazing,envelope,BuildingSync: FenestrationSystem (no Brick class),U-factor; SHGC; visible transmittance (NFRC label),30,"Florida Housing Estimated Useful Life tables, rev 2024",Facade; single vs double pane by reflection count with a flashlight; spacer bar code between panes; frame etch; low-e tint,Spacer bar or frame etch: manufacturer; IGU date; glass type; NFRC label if recent,Kawneer; Oldcastle; Vitro; Guardian; YKK AP,med
Roof membrane and insulation,envelope,BuildingSync: RoofSystem (no Brick class),R-value; solar reflectance (cool roof),22,"Florida Housing Estimated Useful Life tables, rev 2024 (membrane 20-25)","Roof: white TPO/PVC (cool), black EPDM, or gravel built-up; ponding, patches and blisters indicate age",Membrane brand stamp; warranty plate near the roof hatch; insulation thickness at a curb,Carlisle; Firestone (Holcim); GAF; Sika Sarnafil; Johns Manville,med
