brand,brand_family,aliases,equipment_types,era_start,era_end,pattern,year_rule,month_or_week_rule,example_serial,example_decoded,source_url,confidence,notes
Carrier,Carrier Global,Bryant;Payne,hvac;coil,1990,,^(?P<ww>\d{2})(?P<yy>\d{2})[A-Z]\d{5}$,yy,ww,1014A12345,week 10 2014,https://inspectorhandbook.com/hvac/carrier,High,"Example built from the source rule (week 10, year 14). Current Carrier/Bryant/Payne style: week then 2-digit year, then a plant letter. Same rule on https://inspectorhandbook.com/hvac/bryant. Era start not published; 1990 assumed because the YYMM style below is documented as 1980s"
Carrier,Carrier Global,Bryant;Payne,hvac,1980,1989,^(?P<yy>\d{2})(?P<mm>\d{2})[A-Z]\d{5}$,yy,mm,8308A12345,Aug 1983,https://inspectorhandbook.com/hvac/carrier,Medium,Example built from the source rule. Legacy 1980s style: 2-digit year then 2-digit month
ICP,Carrier Global,Heil;Tempstar;Comfortmaker;Day & Night;Arcoaire;KeepRite;Airquest;ACiQ;International Comfort Products,hvac,1990,,^[A-Z](?P<yy>\d{2})(?P<ww>\d{2})\d{5}$,yy,ww,G051650885,week 16 2005,https://www.building-center.org/icp-commercial-hvac-age/,High,"Leading letter is ignored; positions 2-3 year, 4-5 week. Heil page gives the same current format and says the H-prefixed style was 1980-1989: https://inspectorhandbook.com/hvac/heil"
ADP,Advanced Distributor Products,Advanced Distributor Products,coil;hvac,1990,,^\d{2}(?P<yy>\d{2})(?P<ml>[A-HJ-M])\d+$,yy,letters:ABCDEFGHJKLM,3412J17723,Sep 2012,https://inspectorhandbook.com/hvac/adp,Medium,"First two digits ignored, next two are the year, fifth character is a month letter. Month letters skip I, as in the Lennox table. Era start not published; 1990 assumed"
Lennox,Lennox International,Lennox Industries,hvac;coil,1973,,^\d{2}(?P<yy>\d{2})(?P<ml>[A-HJ-M])\d+$,yy,letters:ABCDEFGHJKLM,5899L17212,Nov 1999,https://www.building-center.org/lennox-hvac-age/,High,"First two digits are the plant code, 3-4 the year, 5th a month letter (A Jan to M Dec, no I). Month key also on https://inspectorhandbook.com/hvac/lennox"
Trane,Trane Technologies,American Standard;Ameristar;Ingersoll Rand,hvac,2010,,"^(?P<yy>\d{2})(?P<ww>\d{2})[0-9A-Z]{4,}$",yy,ww,130313596L,week 3 2013,https://www.building-center.org/trane-hvac-age/,High,Style 1 from 2010: 2-digit year then 2-digit week. Plate usually also prints MFR date
Trane,Trane Technologies,American Standard;Ameristar;Ingersoll Rand,hvac,2002,2009,"^(?P<y>\d)(?P<ww>\d{2})[0-9A-Z]{4,}$",y,ww,91531S41F,week 15 2009,https://www.building-center.org/trane-hvac-age/,High,Style 1 from 2002 to 2009: 1-digit year then 2-digit week
Rheem,Paloma (Rheem Manufacturing),Ruud;Weatherking,hvac,1990,,^[A-Z](?P<ww>\d{2})(?P<yy>\d{2})\d{5}$,yy,ww,W291013412,week 29 2010,https://www.building-center.org/rheem-hvac-age/,Medium,"HVAC style 1: plant letter, week, 2-digit year. Same shape as an ICP serial but the digit order is reversed, so the brand must be right. Era start not published; 1990 assumed"
Rheem,Paloma (Rheem Manufacturing),Ruud;Weatherking,hvac,1990,,"^[0-9A-Z]{3,8}?[FMGWN](?P<ww>\d{2})(?P<yy>\d{2})\d{5}$",yy,ww,7351M280616735,week 28 2006,https://www.building-center.org/rheem-hvac-age/,Medium,"HVAC styles 2-4: a middle factory letter (F, M, G, W or N), then week and 2-digit year"
Rheem,Paloma (Rheem Manufacturing),Ruud;Richmond,water_heater,1990,,"^[A-Z]{1,4}(?P<mm>\d{2})(?P<yy>\d{2})[A-Z0-9]+$",yy,mm,RHLN0106534307,Jan 2006,https://www.building-center.org/rheem-water-heater-age/,Medium,"Water heater styles 1, 2, 4, 5: letter prefix (R, RH, RHLN, RHNG, RU), then month and 2-digit year. Some Rheem heaters put the week here instead (next row); the plate usually prints the date"
Rheem,Paloma (Rheem Manufacturing),Ruud;Richmond,water_heater,1990,,"^[A-Z]{1,5}(?P<ww>\d{2})(?P<yy>\d{2})\d{5}$",yy,ww,A141511869,week 14 2015,https://www.building-center.org/rheem-water-heater-age/,Medium,"Water heater styles 3 and 7: letter prefix (may include a factory letter), then week and 2-digit year"
Rheem,Paloma (Rheem Manufacturing),Ruud,tankless_water_heater;water_heater,1990,,^(?P<yy>\d{2})\.(?P<mm>\d{2})-?\d+$,yy,mm,05.05-000021,May 2005,https://www.building-center.org/rheem-water-heater-age/,Medium,Tankless style 6: year then month separated by a period
Goodman,Daikin (Goodman Manufacturing),Amana,hvac;coil,2000,,^(?P<yy>\d{2})(?P<mm>\d{2})\d{6}$,yy,mm,2108317723,Aug 2021,https://inspectorhandbook.com/hvac/goodman,High,"10-digit serial: 2-digit year then month. Amana uses the same current style: https://inspectorhandbook.com/hvac/amana. Era start not published; 2000 assumed"
Daikin,Daikin Industries,Daikin Applied;McQuay,hvac,2000,,^[A-Z]{4}(?P<yy>\d{2})(?P<mm>\d{2})\d+$,yy,mm,FBOU0905048200,May 2009,https://www.building-center.org/daikin-hvac-age/,Medium,"Style 2: four prefix letters, then year and month. Also Option 1 on https://inspectorhandbook.com/hvac/daikin"
Daikin,Daikin Industries,,hvac,2000,,^(?P<yy>\d{2})(?P<mm>\d{2})\d{6}$,yy,mm,1602393269,Feb 2016,https://www.building-center.org/daikin-hvac-age/,Medium,Style 10: Goodman-built Daikin units use the Goodman year-month style
York,Johnson Controls,Luxaire;Coleman;Fraser-Johnston;Johnson Controls,hvac,2004,,^[A-Z](?P<y1>\d)(?P<ml>[A-HJ-M])(?P<y2>\d)\d+$,"concat:y1,y2",letters:ABCDEFGHJKLM,W0K5896070,Oct 2005,https://www.building-center.org/york-hvac-age/,High,"Since 2004: plant letter, year tens digit, month letter, year units digit. Month letters A-M without I (J = September on https://inspectorhandbook.com/hvac/luxaire)"
York,Johnson Controls,Luxaire;Coleman;Fraser-Johnston,hvac,1971,2004,^\(?[A-Z]\)?(?P<ml>[A-HK-N])(?P<yl>[A-HJ-NP-TV-Y])[A-Z]\d+$,"letter:A=1971,B=1972,C=1973,D=1974,E=1975,F=1976,G=1977,H=1978,J=1979,K=1980,L=1981,M=1982,N=1983,P=1984,R=1985,S=1986,T=1987,V=1988,W=1989,X=1990,Y=1991;cycle=21",letters:ABCDEFGHKLMN,MKWQ123456,Sep 1989,https://inspectorhandbook.com/hvac/luxaire,Low,"Pre-2004 style: ignored letter, month letter (skips J), year letter (A to N repeat for 1992-2004). Tables transcribed from the Luxaire page; the York page on building-center.org shows the same layout but its charts are images"
A.O. Smith,A. O. Smith Corporation,State;Reliance;GSW;John Wood;U.S. Craftmaster,water_heater,2008,,^[A-Z]?(?P<yy>\d{2})(?P<ww>\d{2})[A-Z0-9]\d+$,yy,ww,1210A002243,week 10 2012,https://www.building-center.org/a-o-smith-water-heater-age/,High,"Styles 1a-1c: optional letter, 2-digit year, then week (week since 2008). Same rule on https://inspectorhandbook.com/water-heaters/aosmith"
A.O. Smith,A. O. Smith Corporation,State;Reliance;GSW;John Wood;U.S. Craftmaster,water_heater,1990,2007,^[A-Z]?(?P<yy>\d{2})(?P<mm>\d{2})[A-Z0-9]\d+$,yy,mm,0510A002243,Oct 2005,https://inspectorhandbook.com/water-heaters/aosmith,Medium,Example built from the source rule. Before 2008 the two digits after the year are the month
A.O. Smith,A. O. Smith Corporation,State;Reliance;GSW;John Wood;U.S. Craftmaster,water_heater,1990,2010,^(?P<ml>[A-HJ-M])(?P<yy>\d{2})[A-Z]\d+$,yy,letters:ABCDEFGHJKLM,E07A135491,May 2007,https://www.building-center.org/a-o-smith-water-heater-age/,Medium,Style 4 (discontinued 2008-2010): month letter then 2-digit year
A.O. Smith,A. O. Smith Corporation,State;Reliance;GSW;John Wood;U.S. Craftmaster,water_heater,1990,2010,^[A-Z](?P<ml>[A-HJ-M])(?P<yy>\d{2})[-A-Z0-9]+$,yy,letters:ABCDEFGHJKLM,AF04A093001,Jun 2004,https://www.building-center.org/a-o-smith-water-heater-age/,Medium,"Styles 2-3 (discontinued): first letter ignored, second letter is the month, then 2-digit year"
Bradford White,Bradford White Corporation,,water_heater,1984,,^(?P<yl>[A-HJ-NPSTW-Z])(?P<ml>[A-HJ-M])\d{6}\d?$,"letter:A=1984,B=1985,C=1986,D=1987,E=1988,F=1989,G=1990,H=1991,J=1992,K=1993,L=1994,M=1995,N=1996,P=1997,S=1998,T=1999,W=2000,X=2001,Y=2002,Z=2003;cycle=20",letters:ABCDEFGHJKLM,DG6322957,Jul 1987 or Jul 2007,https://www.building-center.org/bradford-white-water-heater-age/,Medium,"Year letter repeats every 20 years, so every serial has two or three candidate years. Use the ANSI Z21.10 revision year on the plate or other evidence to pick. Tankless Bradford White units made by Rinnai use the Rinnai style"
Rinnai,Rinnai Corporation,,tankless_water_heater;water_heater,2009,,^(?P<yl>[A-HJ-PR-TW-Z])(?P<ml>[A-HJ-M])\.?[A-Z]{2}-?\d+$,"letter:A=2009,B=2010,C=2011,D=2012,E=2013,F=2014,G=2015,H=2016,J=2017,K=2018,L=2019,M=2020,N=2021,O=2022,P=2022,R=2023,S=2024,T=2025,W=2026,X=2027,Y=2028,Z=2029",letters:ABCDEFGHJKLM,BL.CA-051306,Nov 2010,https://www.building-center.org/rinnai-water-heater-age/,High,Since 2009: year letter then month letter
Rinnai,Rinnai Corporation,,tankless_water_heater;water_heater,1999,2008,^(?P<yy>\d{2})\.(?P<mm>\d{2})-?\d+$,yy,mm,04.03-102521,Mar 2004,https://www.building-center.org/rinnai-water-heater-age/,Medium,Before 2009: year then month separated by a period
Rinnai,Rinnai Corporation,,tankless_water_heater;water_heater,1999,2008,"^(?P<yy>\d{2})(?P<mm>\d{2})\d{4,5}$",yy,mm,05083453,Aug 2005,https://www.building-center.org/rinnai-water-heater-age/,Medium,1999-2008 style 3: year then month with no separator
Navien,KD Navien,,tankless_water_heater;water_heater;boiler,2010,,"^[0-9A-Z]{5}(?P<yy>\d{2})(?P<ml>[1-9XYZ])(?P<dd>\d{2})\d{0,6}$",yy,letters:123456789XYZ,7414C21X17,17 Oct 2021,https://www.tanklesshelp.com/how-to-determine-the-age-of-your-navien-water-heater/,Medium,"Five model characters, 2-digit year, month code (1-9, then X, Y, Z for Oct-Dec), day of month. building-center.org has a Navien page but its content is members-only"
Navien,KD Navien,,tankless_water_heater;water_heater;boiler,2005,2015,^\d{4}-(?P<yyyy>\d{4})(?P<mm>\d{2})(?P<dd>\d{2})-\d+$,yyyy,mm,8881-20100520-3026,20 May 2010,https://www.tanklesshelp.com/how-to-determine-the-age-of-your-navien-water-heater/,Medium,Older hyphenated style with a full YYYYMMDD date block
HTP,Ariston (HTP Inc.),,water_heater;boiler,2011,2022,^(?P<mm>\d{2})(?P<dd>\d{2})(?P<yy>\d{2})[A-Z]\d{6}$,yy,mm,112116E205445,21 Nov 2016,https://www.building-center.org/htp-water-heater-boiler-age/,Medium,"Style 2 (2011-2022): month, day, 2-digit year, then a letter and sequence. The 1994-2011 letter style is not encoded because its letter tables are images"
HTP,Ariston (HTP Inc.),,water_heater;boiler,2011,2022,^\d{2}(?P<mm>\d{2})(?P<dd>\d{2})(?P<yy>\d{2})\d{8}$,yy,mm,2103302238194208,30 Mar 2022,https://www.building-center.org/htp-water-heater-boiler-age/,Medium,Style 2a: 16 digits; ignore the first two
HTP,Ariston (HTP Inc.),,water_heater;boiler,2021,,^[0-9A-Z]{9}(?P<yy>\d{2})(?P<doy>\d{3})\d{7}$,yy,doy,3253087U4221610000082,day 161 of 2022 (10 Jun 2022),https://www.building-center.org/htp-water-heater-boiler-age/,Medium,"Style 3 (since Sep 2021): always 21 characters; characters 10-11 year, 12-14 day of year"
Hoshizaki,Hoshizaki Corporation,,ice_machine;refrigeration,2010,,^(?P<yl>[A-HJ-NP-V])\d{5}(?P<ml>[A-L])$,"letter:A=2011,B=2012,C=2013,D=2014,E=2015,F=2016,G=2017,H=2018,J=2019,K=2020,L=2021,M=2022,N=2023,P=2024,Q=2025,R=2026,S=2027,T=2028,U=2029,V=2030",letters:ABCDEFGHIJKL,C20103B,Feb 2013,https://www.partstown.com/cm/resource-center/guides/gd2/hoshizaki-serial-number-lookup,Low,"First letter is the last digit of the year (C = 2013), last letter the month (B = February). The source gives only one worked example; the rest of both letter tables is extrapolated, so treat anything but C and B as unverified"
Mitsubishi Electric,Mitsubishi Electric,Mitsubishi,hvac,2000,,"^(?P<y>\d)[0-9A-Z]{5,}$",y,none,8012345,2018,https://www.howtolookatahouse.com/Blog/Entries/2018/6/how-can-i-determine-the-age-of-a-mitsubishi-ductless-mini-split-heat-pump-from-the-serial-number.html,Low,"First digit is the last digit of the year only, so the decade is ambiguous. Inspector blog, not manufacturer literature"
True,True Manufacturing,True Refrigeration,refrigeration,,,,none,none,,,,n/a,"No published serial date code found. The date has to come from the cabinet data label or from True with the serial number"
Auto-Chlor,Auto-Chlor System,,dishwasher,,,,none,none,,,,n/a,"No published serial date code found. Machines are leased; Auto-Chlor service records hold the install date"
CaptiveAire,CaptiveAire Systems,Captive-Aire,fan;hood,,,,none,none,,,https://www.building-center.org/captive-aire-hvac-age/,n/a,"No serial date code. The data plate carries a job number and a printed date (MM/DD/YYYY), per the building-center.org summary (full page is members-only)"
