equipment_id,equipment_type,category,make,model,serial,install_year,install_year_basis,useful_life_years,useful_life_source,remaining_life_years,condition,condition_basis,nameplate_efficiency,efficiency_basis,capacity,primary_fuel,fuel_detail,location,evidence_level,confidence,energy_significance,photos,notes
GD-RTU-01,"Packaged rooftop unit, gas heat / DX cooling",HVAC heating and cooling,Carrier,48ESNA6011550,0813C35005,2013,Serial prefix 0813 = week 8 of 2013; matches Feb 2013 DBI permit PM20130213265,15,"ASHRAE median, rooftop AC single zone",2,Fair,"Cabinet intact, nameplate legible, paint overspray and surface wear",Cooling EER 11.0; gas heat 81% thermal efficiency,Nameplate. SEER not printed; 48ES series is 13 SEER (AHRI listing not verified),"57,000 Btu/h cooling (about 5 tons); 115,000 Btu/h gas input / 93,000 output",Natural gas,"Electric (cooling, fans) + natural gas (heat)",Roof,nameplate,High,High,photos/raw/IMG_2862.HEIC,One of three identical sequential-serial units (35005-35007)
GD-RTU-02,"Packaged rooftop unit, gas heat / DX cooling",HVAC heating and cooling,Carrier,48ESNA6011550,0813C35006,2013,Nameplate date of manufacture FEB 2013; serial 0813 = week 8 2013,15,"ASHRAE median, rooftop AC single zone",2,Fair,"Cabinet intact, overspray on panel, flexible conduit weathered",Cooling EER 11.0; gas heat 81% thermal efficiency,Nameplate. SEER not printed; 48ES series is 13 SEER (AHRI listing not verified),"57,000 Btu/h cooling (about 5 tons); 115,000 Btu/h gas input / 93,000 output",Natural gas,"Electric (cooling, fans) + natural gas (heat)",Roof,nameplate,High,High,photos/raw/IMG_2869.HEIC,Nameplate states compliance with ASHRAE 90.1-2004
GD-RTU-03,"Packaged rooftop unit, gas heat / DX cooling",HVAC heating and cooling,Carrier,48ESNA6011550,0813C35007,2013,Serial prefix 0813 = week 8 of 2013; matches Feb 2013 DBI permit PM20130213265,15,"ASHRAE median, rooftop AC single zone",2,Fair,"Cabinet intact, label weathered but legible",Cooling EER 11.0; gas heat 81% thermal efficiency,Nameplate. SEER not printed; 48ES series is 13 SEER (AHRI listing not verified),"57,000 Btu/h cooling (about 5 tons); 115,000 Btu/h gas input / 93,000 output",Natural gas,"Electric (cooling, fans) + natural gas (heat)",Roof,nameplate,High,High,photos/raw/IMG_2861.HEIC,
GD-RTU-04,"Packaged rooftop unit, gas heat / DX cooling",HVAC heating and cooling,"ICP (International Comfort Products, Carrier family)",PGD460090H001K1,F242046717,2024,Nameplate date of manufacture MAY 2024. Probably replaced one of the four packaged units in the 2013 permit (3 of 4 found); no permit found for the 2024 work,15,"ASHRAE median, rooftop AC single zone",13,Good,"Clean cabinet and label, no visible wear",Cooling EER about 11 (label partly hidden by conduit); gas heat 82% thermal efficiency,"Nameplate; complies with ASHRAE 90.1-2019. SEER2 not printed. Inferred model rating: SEER2 13.4, EER2 11.05, 81% AFUE. The DOE certification database lists the K version of this model; ICP's PGD4 spec sheet (shareddocs.com 46256200501) shows H is the Ultra Low NOx burner version with identical ratings to K. SEER2 13.4 and 81% AFUE are the federal minimums for this unit type in 2024","56,000 Btu/h cooling (about 5 tons); 90,000 Btu/h gas input / 74,000 output",Natural gas,"Electric (cooling, fans) + natural gas (heat)",Roof,nameplate,High,High,photos/raw/IMG_2871.HEIC,Recent like-for-like gas replacement: a missed electrification opportunity worth noting
GD-CU-01,Split-system AC condensing unit,HVAC cooling,Carrier,24ABB360W320 (product 24ABB360W0032010),4812E04427,2013,Nameplate date of manufacture NOV 2012; installed under Feb 2013 permit,15,"ASHRAE median, residential split AC",2,Poor,"Rust on coil guard and fasteners, corroded fins, refrigerant line insulation degraded",13 SEER (series rating),24ABB3 = Carrier Comfort 13 SEER series; nameplate does not print SEER; AHRI match needs the indoor coil model,5 tons nominal (model digits 60),Electricity,Electric,Roof,nameplate,High,High,photos/raw/IMG_2872.HEIC;photos/raw/IMG_2855.HEIC,208-230 V single phase. Sequential serial with GD-CU-02
GD-CU-02,Split-system AC condensing unit,HVAC cooling,Carrier,24ABB360W (product 24ABB360W0032010),4812E04428,2013,Nameplate date of manufacture NOV 2012; installed under Feb 2013 permit,15,"ASHRAE median, residential split AC",2,Poor,"Rust on fan guard, corroded coil, degraded line-set insulation",13 SEER (series rating),24ABB3 = Carrier Comfort 13 SEER series; nameplate does not print SEER; AHRI match needs the indoor coil model,5 tons nominal (model digits 60),Electricity,Electric,Roof,nameplate,High,High,photos/raw/IMG_2856.HEIC;photos/raw/IMG_2854.HEIC,208-230 V single phase
GD-CU-03,Split-system AC condensing unit,HVAC cooling,Carrier,24ABB360A520 (product 24ABB360A0052010; partly faded),3014E16192,2014,Serial prefix 3014 = week 30 of 2014; faded nameplate shows JUL 20xx,15,"ASHRAE median, residential split AC",3,Fair,"Nameplate sun-faded, light rust on fan guard",13 SEER (series rating),24ABB3 = Carrier Comfort 13 SEER series; nameplate does not print SEER; AHRI match needs the indoor coil model,5 tons nominal (model digits 60),Electricity,Electric,Roof,nameplate,Medium,High,photos/raw/IMG_2858.HEIC;photos/raw/IMG_2870.HEIC;photos/raw/IMG_2859.HEIC;photos/raw/IMG_2860.HEIC,Three phase. Not in the 2013 permit (which lists 2 split ACs); likely added with the 2014 kitchen work. 2858 and 2870 read as the same faded plate; verify on site
GD-FURN-01,"Gas furnace, condensing (indoor half of a split system)",HVAC heating,Carrier,59SC5A120S24-1120,0313A43720,2013,Serial prefix 0313 = week 3 of 2013; matches Feb 2013 permit,18,"ASHRAE median, gas furnace",5,Good,"Indoor, clean cabinet, PVC venting intact",95.5% AFUE,EnergyGuide label photographed,"120,000 Btu/h input; single stage, PSC blower",Natural gas,Natural gas (heat) + electric (blower),"Floor 1 (main floor), interior mechanical closet (confirmed by Robbie)",nameplate,High,High,photos/raw/IMG_2847.HEIC;photos/raw/IMG_2848.HEIC;photos/raw/IMG_2849.HEIC;photos/raw/IMG_2850.HEIC,PSC blower motor is a low-cost upgrade target (ECM). Paired condenser not confirmed
GD-FURN-02,"Gas furnace, condensing (indoor half of a split system)",HVAC heating,Carrier,Not read (rating plate is inside the door; not photographed),,2013,"DBI permit PM20130213265 (4 furnaces replaced 2013); same two-door Carrier cabinet as GD-FURN-01. Cooling coil serial decodes to Feb 2012, consistent with a 2013 install",18,"ASHRAE median, gas furnace",5,Good,"Indoor, clean cabinet with light scuffs, PVC venting and foil-taped plenum intact",Unknown,"Carrier rating plate not photographed. PVC venting means a condensing furnace (90% AFUE or higher). If it matches GD-FURN-01, expect about 95% AFUE, unverified","Cooling coil 5 tons (ADP C60A = 60,000 Btu/h); furnace input not read",Natural gas,Natural gas (heat) + electric (blower),Floor 2 mechanical closet; cabinet hand-marked Floor #2-A (photos from Robbie),visual,High,High,photos/raw/IMG_2880.HEIC;photos/raw/IMG_2881.HEIC,"Cooling coil on top: ADP (Advanced Distributor Products) C60A245C286, serial 7112B14424, R-410A, TXV. Marking 2-A matches 2ND FLOOR PANEL A and the roof disconnect marked 2nd Floor #A (photo 2857), so this pairs with that condenser. Panel A has a second A/C circuit, so GD-FURN-03 is likely a Floor #2-B unit nearby"
GD-FURN-03,Indoor unit of a split AC (gas furnace likely; could be an electric air handler),HVAC heating,"Unknown (likely Carrier, same 2013 package)",,,2013,DBI permit PM20130213265 replaced 4 forced-air furnaces in 2013,18,"ASHRAE median, gas furnace",5,Unknown,Not photographed,Unknown,"Not photographed, so there is no nameplate to read. If it matches GD-FURN-01 (same 2013 permit) expect about 95% AFUE, unverified",,Natural gas,Natural gas + electric,Not found. Likely a Floor #2-B unit near GD-FURN-02 (Panel A has a second A/C circuit),inferred,High,High,,Must exist: each roof condenser (GD-CU-01..03) needs an indoor half and only GD-FURN-01 was found. Type unconfirmed
GD-FURN-04,Gas furnace (indoor half of a split system),HVAC heating,"Unknown (likely Carrier, same 2013 package)",,,2013,DBI permit PM20130213265 replaced 4 forced-air furnaces in 2013,18,"ASHRAE median, gas furnace",5,Unknown,Not photographed,Unknown,"Not photographed, so there is no nameplate to read. If it matches GD-FURN-01 (same 2013 permit) expect about 95% AFUE, unverified",,Natural gas,Natural gas + electric,Unknown interior closet,permit,Low,High,,"Permit only. The 2013 permit lists 4 furnaces but only 2 split ACs, so 2 were heating-only then; the 2014 condenser GD-CU-03 likely gave one of them cooling. This 4th may be heating-only or may have been removed"
GD-WH-01,"Commercial gas water heater, condensing, stainless tank",Water heating,HTP,Phoenix (size not read; PH100/130/160/199 x 55/80/119 gal),,2014,DBI permit PW20140213988 (commercial water heater); manual on unit is rev 8.23.13,15,"ASHRAE median, gas condensing water heater",3,Good,"Clean closet install, insulated hot water piping, controller running (122 F setpoint)",Not read; Phoenix series rated about 95% thermal efficiency,"Manufacturer series spec. The photographed manual (IMG_2812) covers all 12 Phoenix sizes, so it does not identify this unit; the rating plate was not photographed",,Natural gas,Natural gas. The building has one PG&E natural gas meter and no propane tank was seen. Propane Phoenix models carry an LP suffix; confirm on the rating plate,Floor 2 closet by men's restroom (confirmed by Robbie; matches the 2ND FLOOR panel labels beside it),visual,High,High,photos/raw/IMG_2812.jpeg;photos/raw/IMG_2813.jpeg;photos/raw/IMG_2814.jpeg;photos/raw/IMG_2818.jpeg;photos/raw/IMG_2823.HEIC,"Panel B circuit 23 labelled WATER HEATER (controls/pump), so its electric use is on meter Unit 2. Gas is on the single house gas meter"
GD-WH-02,"Tankless gas water heater, outdoor",Water heating,Rheem,"Prestige series, outdoor (model not read)",,,Unknown; no nameplate photographed,15,"ASHRAE median, gas tankless water heater",,Fair,"Paint overspray, rust on mounting bracket, weathered warning label",ENERGY STAR labelled; UEF not read,"ENERGY STAR and AHRI stickers visible; Prestige is Rheem's condensing line (about 0.93 UEF), verify",,Natural gas,Natural gas,"Roof, on parapet wall",visual,Medium,High,photos/raw/IMG_2867.HEIC;photos/raw/IMG_2868.HEIC;photos/raw/IMG_2866.HEIC,"Left unit of a pair. Side nameplate needed for model, serial and date"
GD-WH-03,"Tankless gas water heater, outdoor",Water heating,Rheem,"Prestige series, outdoor (model not read)",,,Unknown; no nameplate photographed,15,"ASHRAE median, gas tankless water heater",,Fair,"Paint overspray, rust on mounting bracket",ENERGY STAR labelled; UEF not read,As GD-WH-02,,Natural gas,Natural gas,"Roof, on parapet wall",visual,Medium,High,photos/raw/IMG_2867.HEIC,Right unit of a pair
GD-KEF-01,"Kitchen exhaust fan, upblast/utility set, belt drive",Air distribution (kitchen ventilation),CaptiveAire,Not read (label cracked),,2014,DBI permit 201403110464 (shafts for new kitchen exhaust hood),20,"ASHRAE median, roof-mounted ventilating fan",8,Fair,"Label cracked and unreadable, galvanized cabinet sound, isolators rusted",n/a,,,Electricity,Electric,Roof,visual,High,Medium,photos/raw/IMG_2877.HEIC;photos/raw/IMG_2875.HEIC,Belt 1-AX44 marked on housing. Runs whenever the hood runs; demand-controlled hood ventilation is a lever
GD-MUA-01,Evaporative cooler / kitchen make-up air unit (type uncertain),Air distribution (kitchen ventilation),Unknown,,,,Unknown,15,"Mfr typical, evaporative cooler cabinet",,Good,"Cabinet clean, recently painted stand",n/a,,,Electricity,"Electric (fan, pump)","Roof, ducted into building",visual,Low,Low,photos/raw/IMG_2876.HEIC,Beige louvered cabinet with round duct; looks like an evaporative cooler used as tempered make-up air. Confirm type and what it serves
GD-HOOD-01,Commercial kitchen exhaust hood with grease duct,Air distribution (kitchen ventilation),CaptiveAire,"Hood model not read; grease duct DW14 double wall, 14 in inner / 20 in outer, job 1995224",,2014,DBI permit 201403110464,20,"Mfr typical, kitchen hood",8,Good,"Stainless hood and duct clean, labels intact",n/a,,,None,n/a (passive; drives GD-KEF-01),Kitchen (floor not recorded),nameplate,High,Low,photos/raw/IMG_2834.HEIC;photos/raw/IMG_2827.jpeg;photos/raw/IMG_2828.jpeg;photos/raw/IMG_2829.jpeg;photos/raw/IMG_2830.jpeg;photos/raw/IMG_2851.HEIC,"Grease duct labels P2, P4, P11 are duct sections, not separate equipment"
GD-OVEN-01,Double-stack full-size convection oven,Plug and process (food service),Unknown (badge not legible),,,,Unknown,12,"DEER EUL, commercial convection oven",,Good,"Visual, clean",Unknown,"Not photographed, so there is no nameplate to read. If it matches GD-FURN-01 (same 2013 permit) expect about 95% AFUE, unverified",,Unknown,Unknown (gas or electric),Kitchen under hood,visual,Medium,Medium,photos/raw/IMG_2834.HEIC,Fuel matters for electrification scope; check for a gas hose behind the unit
GD-REF-01,"Commercial reach-in refrigerator, 3 glass doors",Plug and process (food service),True,Not read (3-door glass reach-in),,,Unknown,12,"ASHRAE median, commercial refrigeration",,Good,"Running at 37 F, clean",Unknown,"Not photographed, so there is no nameplate to read. If it matches GD-FURN-01 (same 2013 permit) expect about 95% AFUE, unverified",,Electricity,Electric,Kitchen,visual,High,Low,photos/raw/IMG_2833.HEIC;photos/raw/IMG_2836.HEIC,Runs 24/7
GD-DW-01,"Commercial door-type dishwasher, low-temp chemical sanitizing (leased)",Plug and process (food service),Auto-Chlor,AC,10638,,Nameplate rev 8.2015 sets the earliest possible date (2015 or later),15,"DEER EUL, commercial dishwasher",,Good,"Visual, in service",Unknown,"115 V 12 A; no booster heater, so hot water comes from the building water heaters",,Electricity,Electric + building hot water,Kitchen dish area,nameplate,High,Low,photos/raw/IMG_2838.HEIC;photos/raw/IMG_2839.HEIC,"Leased from Auto-Chlor; replacement is the vendor's call. ENERGY STAR lists a model AC as an undercounter glasswasher; photo 2839 shows a door-type machine, so the plate code AC is likely a generic series code, not this listing"
GD-ICE-01,Ice machine (inferred),Plug and process (food service),Hoshizaki (inferred from water filter),,,,Unknown,10,"DEER EUL, ice machine",,Unknown,Not photographed,Unknown,"Not photographed, so there is no nameplate to read. If it matches GD-FURN-01 (same 2013 permit) expect about 95% AFUE, unverified",,Electricity,Electric,Kitchen,inferred,Low,Low,photos/raw/IMG_2837.HEIC,Only the Hoshizaki 4HC-H filter cartridge was photographed
GD-ELEV-01,Passenger elevator (drive type unknown),Vertical transport,Unknown,,,,Unknown; 2013 electrical permit added a 150 A elevator subpanel,25,"Florida Housing EUL table, elevator",,Good,Cab finishes in good order,n/a,,,Electricity,Electric,"Core, serves floors 1 up",visual,High,Low,photos/raw/IMG_2825.HEIC,Hydraulic vs traction not determined; machine room photo needed
GD-LTG-01,Interior lighting system: linear pendant fixtures (LED likely),Lighting,Unknown,,,2013,2013 electrical permit lists 120 lights; no later lighting permits,15,"Industry typical, LED fixture (about 50,000 h)",2,Good,"Visual, fixtures working",Unknown (lamp type not confirmed),,,Electricity,Electric,"All floors, open office",visual,Medium,High,photos/raw/IMG_2806.jpeg;photos/raw/IMG_2808.jpeg;photos/raw/IMG_2818.jpeg,"One system row, not per fixture. Some fixtures show an end-cap sensor; controls extent unknown. Fixture count about 120 per permit"
GD-CTRL-01,Programmable thermostat (no building automation system seen),Controls,Emerson (White-Rodgers),Not read,,,Unknown,20,"ASHRAE median, thermostat",,Good,"Working, set to cool at 72 F",n/a,,,None,n/a,Office floor (one of several; count unknown),visual,Medium,High,photos/raw/IMG_2803.jpeg,Silva Heating and Air service sticker. Standalone thermostats per zone mean schedules and setpoints are set unit by unit
GD-ELEC-01,Electrical service: multi-meter stack with 4+ PG&E meters,Electrical,Square D (EZ Meter Pak EZM3400FS); meters GE kV2ce,"EZM3400FS, 400 A main fusible, 208Y/120 V 3-phase 4-wire","PG&E meters [redacted] (Unit 1), [redacted] (Unit 2), [redacted] (Unit 3), [redacted] (Unit 4), [redacted] (HOUSE)",2013,DBI permit E201303279529: new 400 A service with 5 meters,30,"Florida Housing EUL table, panelboard",17,Good,Visual,n/a,,,Electricity,Electric,Floor 1 (main floor) electrical room,nameplate,High,Low,photos/raw/IMG_2840.HEIC;photos/raw/IMG_2841.HEIC;photos/raw/IMG_2843.HEIC;photos/raw/IMG_2844.HEIC;photos/raw/IMG_2845.HEIC,5 meters per permit and bills; Unit 4 meter not photographed. Gas meter [redacted] (HOUSE) not photographed. Unit-to-floor mapping unconfirmed
GD-ELEC-02,"Panelboard, 2nd Floor Panel A",Electrical,Square D,QO load center (cover QOC42UF),,2013,2013 electrical permit,30,"Florida Housing EUL table, panelboard",17,Good,"Visual, directory filled in",n/a,,,Electricity,Electric,2nd floor corridor,nameplate,High,Low,photos/raw/IMG_2826.HEIC,Circuits 13/15 and 19/21 labelled A/C (two 2-pole): furnace blowers or condensers
GD-ELEC-03,"Panelboard, 2nd Floor Panel B",Electrical,Square D,QO load center (cover QOC42UF),,2013,2013 electrical permit,30,"Florida Housing EUL table, panelboard",17,Good,Visual,n/a,,,Electricity,Electric,2nd floor corridor,nameplate,High,Low,photos/raw/IMG_2819.jpeg;photos/raw/IMG_2821.jpeg,"Lights, furniture, outlets, water heater circuit 23"
