equipment_id,component,make,model,serial,decoded_date,decode_rule,decode_confidence,decode_source,decode_alternatives,csv_install_year,date_check,efficiency_found,efficiency_source,match_quality,match_detail,csv_nameplate_efficiency,efficiency_check,notes
GD-RTU-01,,Carrier,48ESNA6011550,0813C35005,2013-02 (week 8),"Carrier 1990-2026: year yy, period ww",High,https://inspectorhandbook.com/hvac/carrier,,2013,agrees,,,none,,Cooling EER 11.0; gas heat 81% thermal efficiency,no data,No listing matches; ENERGY STAR and CCMS drop discontinued models
GD-RTU-02,,Carrier,48ESNA6011550,0813C35006,2013-02 (week 8),"Carrier 1990-2026: year yy, period ww",High,https://inspectorhandbook.com/hvac/carrier,,2013,agrees,,,none,,Cooling EER 11.0; gas heat 81% thermal efficiency,no data,No listing matches; ENERGY STAR and CCMS drop discontinued models
GD-RTU-03,,Carrier,48ESNA6011550,0813C35007,2013-02 (week 8),"Carrier 1990-2026: year yy, period ww",High,https://inspectorhandbook.com/hvac/carrier,,2013,agrees,,,none,,Cooling EER 11.0; gas heat 81% thermal efficiency,no data,No listing matches; ENERGY STAR and CCMS drop discontinued models
GD-RTU-04,,"ICP (International Comfort Products, Carrier family)",PGD460090H001K1,F242046717,2024-05 (week 20),"ICP 1990-2026: year yy, period ww",High,https://www.building-center.org/icp-commercial-hvac-age/,,2024,agrees,"SEER2 13.4; EER2 11.05; Cooling Btu/h 56,000 | AFUE 81%; Input Btu/h 90,000",DOE CCMS: Air Conditioners and Heat Pumps - Central | DOE CCMS: Furnaces,near,1 character differs from listing PGD460***K***K1: position 10 reads 'H' | 1 character differs from listing PGD460090K**1K*: position 10 reads 'H',Cooling EER about 11 (label partly hidden by conduit); gas heat 82% thermal efficiency,"no shared metric; adds SEER2, EER2, AFUE",
GD-CU-01,,Carrier,24ABB360W320 (product 24ABB360W0032010),4812E04427,2012-11 (week 48),"Carrier 1990-2026: year yy, period ww",High,https://inspectorhandbook.com/hvac/carrier,,2013,agrees,,,none,,13 SEER (series rating),no data,No listing matches; ENERGY STAR and CCMS drop discontinued models
GD-CU-02,,Carrier,24ABB360W (product 24ABB360W0032010),4812E04428,2012-11 (week 48),"Carrier 1990-2026: year yy, period ww",High,https://inspectorhandbook.com/hvac/carrier,,2013,agrees,,,none,,13 SEER (series rating),no data,No listing matches; ENERGY STAR and CCMS drop discontinued models
GD-CU-03,,Carrier,24ABB360A520 (product 24ABB360A0052010; partly faded),3014E16192,2014-07 (week 30),"Carrier 1990-2026: year yy, period ww",High,https://inspectorhandbook.com/hvac/carrier,,2014,agrees,,,none,,13 SEER (series rating),no data,No listing matches; ENERGY STAR and CCMS drop discontinued models
GD-FURN-01,,Carrier,59SC5A120S24-1120,0313A43720,2013-01 (week 3),"Carrier 1990-2026: year yy, period ww",High,https://inspectorhandbook.com/hvac/carrier,,2013,agrees,,,none,,95.5% AFUE,no data,No listing matches; ENERGY STAR and CCMS drop discontinued models
GD-FURN-02,,Carrier,Not read (rating plate is inside the door; not photographed),,,No serial recorded,,,,2013,no decode,,,none,,Unknown,no data,Model number not read; no lookup possible
GD-FURN-02,Evaporator coil,ADP (Advanced Distributor Products),C60A245C286,7112B14424,2012-02,"ADP 1990-2026: year yy, period letters:ABCDEFGHJKLM",Medium,https://inspectorhandbook.com/hvac/adp,,2013,agrees,,,near,"1 character differs from listing C60A245L28(6,9): position 8 reads 'C'",,no data,Listed only in pairings with current outdoor units (SEER2 14.5-16); no rating applies to this system
GD-FURN-03,,"Unknown (likely Carrier, same 2013 package)",,,,No serial recorded,,,,2013,no decode,,,none,,Unknown,no data,Model number not read; no lookup possible
GD-FURN-04,,"Unknown (likely Carrier, same 2013 package)",,,,No serial recorded,,,,2013,no decode,,,none,,Unknown,no data,Model number not read; no lookup possible
GD-WH-01,,HTP,Phoenix (size not read; PH100/130/160/199 x 55/80/119 gal),,,No serial recorded,,,,2014,no decode,"Thermal efficiency 94-96%; Standby loss Btu/h 409-719; Input Btu/h 130,000-199,000; Gallons 55-119",DOE CCMS: Water Heaters and Boilers - Commercial Gas and Oil Fired Storage Water Heaters,series,"series only: 9 certified phoenix models, range shown; exact model not read",Not read; Phoenix series rated about 95% thermal efficiency,agrees on Thermal efficiency,Model number not read; series range used
GD-WH-02,,Rheem,"Prestige series, outdoor (model not read)",,,No serial recorded,,,,,no decode,,,none,,ENERGY STAR labelled; UEF not read,no data,Model number not read; no lookup possible
GD-WH-03,,Rheem,"Prestige series, outdoor (model not read)",,,No serial recorded,,,,,no decode,,,none,,ENERGY STAR labelled; UEF not read,no data,Model number not read; no lookup possible
GD-KEF-01,,CaptiveAire,Not read (label cracked),,,No serial recorded,,,,2014,no decode,,,none,,n/a,no data,No public certification dataset covers this equipment type
GD-MUA-01,,Unknown,,,,No serial recorded,,,,,no decode,,,none,,n/a,no data,No public certification dataset covers this equipment type
GD-HOOD-01,,CaptiveAire,"Hood model not read; grease duct DW14 double wall, 14 in inner / 20 in outer, job 1995224",,,No serial recorded,,,,2014,no decode,,,none,,n/a,no data,No public certification dataset covers this equipment type
GD-OVEN-01,,Unknown (badge not legible),,,,No serial recorded,,,,,no decode,,,none,,Unknown,no data,Model number not read; no lookup possible
GD-REF-01,,True,Not read (3-door glass reach-in),,,No serial recorded,,,,,no decode,kWh/day 2.35-7.14; cu ft 33.64-116.15,ENERGY STAR: Commercial Refrigerators and Freezers (wati-2tfp),series,"series only: 7 certified 3-door glass models, range shown; exact model not read",Unknown,fills blank (series match),Model number not read; series range used
GD-DW-01,,Auto-Chlor,AC,10638,,No published serial date code found. Machines are leased; Auto-Chlor service records hold the install date,,,,,no decode,gal/rack 1.04; idle kW 0; machine type Under Counter - Glasswasher; sanitizing Chemical Sanitizing (Low Temp) Machine,ENERGY STAR: Commercial Dishwashers (pk8q-dim8),exact,model matches listing AC,Unknown,"conflicts: listing machine type is 'Under Counter - Glasswasher', inventory says door-type",
GD-ICE-01,,Hoshizaki (inferred from water filter),,,,No serial recorded,,,,,no decode,,,none,,Unknown,no data,Model number not read; no lookup possible
GD-ELEV-01,,Unknown,,,,No serial recorded,,,,,no decode,,,none,,n/a,no data,No public certification dataset covers this equipment type
GD-LTG-01,,Unknown,,,,No serial recorded,,,,2013,no decode,,,none,,Unknown (lamp type not confirmed),no data,No public certification dataset covers this equipment type
GD-CTRL-01,,Emerson (White-Rodgers),Not read,,,No serial recorded,,,,,no decode,,,none,,n/a,no data,No public certification dataset covers this equipment type
GD-ELEC-01,,Square D (EZ Meter Pak EZM3400FS); meters GE kV2ce,"EZM3400FS, 400 A main fusible, 208Y/120 V 3-phase 4-wire","PG&E meters [redacted] (Unit 1), [redacted] (Unit 2), [redacted] (Unit 3), [redacted] (Unit 4), [redacted] (HOUSE)",,No serial rule for this make,,,,2013,no decode,,,none,,n/a,no data,No public certification dataset covers this equipment type
GD-ELEC-02,,Square D,QO load center (cover QOC42UF),,,No serial recorded,,,,2013,no decode,,,none,,n/a,no data,No public certification dataset covers this equipment type
GD-ELEC-03,,Square D,QO load center (cover QOC42UF),,,No serial recorded,,,,2013,no decode,,,none,,n/a,no data,No public certification dataset covers this equipment type
